0,1,2,3,4,5,6,7,8,9,10,11,12,13,14,15,16,17,18,19,20,21,22,23,24,25,26,27,28,29,30,31,32,33,34,35,36,37,38,39,40,41,42,43,44,45,46,47,48,49,50,51,52,53,54,55,56,57,58,59,60,61,62,63,64,65,66,67,68,69,70,71,72,73,74,75,76,77,78,79,80,81,82,83,84,85,86,87,88,89,90,91,92,93,94,95,96,97,98,99,100,101,102,103,104,105,106,107,108,109,110,111,112,113,114,115,116,117,118,119,120,121,122,123,124,125,126,127,128,129,130,131,132,133,134,135,136,137,138,139,140,141,142,143,144,145,146,147,148,149,150,151
0.7158412337303162,0.7391104102134705,1.0,0.9498507380485535,0.0,0.0,0.0,0.3665819764137268,0.014096971601247787,0.13442449271678925,0.0,0.13985982537269592,0.010930530726909637,0.003805890679359436,0.0,0.0,0.0,0.0,0.0017076879739761353,0.039361752569675446,0.0,0.07584930211305618,0.0,0.1278923749923706,1.0,0.990929901599884,0.927972137928009,0.20182515680789948,0.0036122165620326996,0.021758046001195908,0.02482210099697113,0.0033560991287231445,0.0,0.0022933371365070343,0.004419032484292984,0.012074489146471024,0.0,0.0,0.0,0.011906329542398453,0.05701376125216484,0.27156776189804077,0.42638063430786133,0.1913215070962906,0.012830443680286407,0.0027331076562404633,0.5435354113578796,0.2900453209877014,0.0,0.0311715230345726,0.33912718296051025,0.053947508335113525,0.018034210428595543,0.0,0.003586791455745697,0.0034932270646095276,0.2752158045768738,0.8602426648139954,0.15926602482795715,0.0016805380582809448,0.006558336317539215,0.0,0.0,0.0,0.0007051527500152588,0.0,0.0,0.013821005821228027,0.0020843595266342163,0.012733094394207,0.005740463733673096,0.006416603922843933,0.006015211343765259,0.005499206483364105,0.004796527326107025,0.0,1.0,0.9275360703468323,0.0,0.0,0.05853576213121414,0.25427675247192383,0.0021540746092796326,0.014868699014186859,0.005366623401641846,0.0,0.0,0.005129814147949219,0.005903605371713638,0.008037511259317398,0.18316148221492767,0.6918770670890808,1.0,1.0,1.0,1.0,1.0,1.0,1.0,0.9917513728141785,0.9963826537132263,0.915735125541687,1.0,1.0,1.0,1.0,1.0,0.2676153779029846,0.027331313118338585,0.013077858835458755,0.0,0.0,0.09314846992492676,0.9556857347488403,0.997569739818573,0.6186830997467041,0.1018316000699997,1.0,1.0,0.834664523601532,0.4469771981239319,0.004696469753980637,0.0031041763722896576,0.021014299243688583,0.009201474487781525,0.0024826936423778534,0.0062744878232479095,0.012130677700042725,0.006480276584625244,0.004164200276136398,0.0,0.011554285883903503,0.2445937842130661,0.2375919073820114,0.7341981530189514,0.0,0.24261902272701263,0.5522169470787048,0.9949365258216858,0.5091302990913391,0.0,0.35811924934387207,0.6024569272994995,0.6875305771827698,0.054123442620038986,0.021258361637592316,0.0006106197834014893,0.0016856901347637177,0.0015375986695289612,0.006340555846691132,0.001648925244808197,0.003658398985862732
0.03946752846240997,0.010637529194355011,0.04003758728504181,0.018580079078674316,0.0037925876677036285,0.0020294077694416046,0.0009768828749656677,0.007043339312076569,0.0,0.0,0.00969734787940979,0.6274685263633728,0.7646768689155579,0.011233653873205185,0.0,0.0,0.0,0.0010014250874519348,0.0,0.0,0.4428831934928894,0.03465227037668228,0.8579261302947998,1.0,1.0,1.0,0.963370680809021,0.9982014298439026,1.0,1.0,0.4985544681549072,0.008155804127454758,0.0,0.0091317817568779,0.003819666802883148,0.0,0.0020887739956378937,0.0,0.0016523189842700958,0.3319980502128601,1.0,1.0,0.9919143319129944,1.0,1.0,0.5540539622306824,0.9200013279914856,0.5739797353744507,0.6981142163276672,0.6105872988700867,0.47413408756256104,0.14936010539531708,0.8286556601524353,0.08099248260259628,0.7284203171730042,0.005246609449386597,0.010589968413114548,0.0021945759654045105,0.0,0.006047837436199188,0.004601296037435532,0.0019999369978904724,0.010377231985330582,0.004518009722232819,0.0,0.0,0.006497770547866821,0.0,0.0,0.1585415005683899,0.07979632914066315,0.0,0.004839129745960236,0.0,0.004148494452238083,0.0,0.0,0.0,0.005614195019006729,0.008279409259557724,0.0056068189442157745,0.012078411877155304,0.0,0.0,0.0,0.0021096132695674896,0.0,0.009092621505260468,0.016473717987537384,0.17343270778656006,0.4549870491027832,0.7160187363624573,0.8169122338294983,1.0,1.0,1.0,1.0,1.0,0.9623633027076721,0.026978638023138046,0.0,0.11093904078006744,1.0,1.0,1.0,0.9987143278121948,0.11664769053459167,0.006946682929992676,0.729245126247406,0.9081184267997742,0.9908095598220825,0.8878317475318909,0.5466890931129456,0.5279757380485535,0.8394799828529358,0.9877767562866211,0.7558763027191162,0.0033357106149196625,0.0075769200921058655,0.006360068917274475,0.011291436851024628,0.0061979517340660095,0.0067109614610672,0.9225013852119446,0.9820782542228699,6.584450602531433e-05,0.0012228786945343018,0.008609235286712646,0.3450607657432556,0.0006582513451576233,0.004259884357452393,0.0,0.0,0.007492642849683762,0.1120501309633255,0.0049847811460494995,0.0033577829599380493,0.008350804448127747,0.0,0.001468617469072342,0.18983681499958038,1.0,1.0,1.0,0.0,0.0,0.0,0.0,0.004920504987239838,0.006906796246767044,0.0029285065829753876,0.005067206919193268
0.0,0.0,0.0,0.0001728162169456482,0.003963589668273926,0.008252110332250595,0.0018888860940933228,0.006099384278059006,0.006596297025680542,0.006114058196544647,0.007858529686927795,0.025230951607227325,0.009973876178264618,0.0,0.0,0.0,0.002943381667137146,0.0,0.0,0.2966158986091614,1.0,1.0,0.5987928509712219,0.1461895853281021,0.8790028691291809,1.0,0.5487667918205261,1.0,1.0,1.0,1.0,0.9931506514549255,0.07342243939638138,1.0,1.0,1.0,1.0,0.9137064218521118,0.402229368686676,0.8051182627677917,0.23203040659427643,0.4123660922050476,0.7310062050819397,1.0,1.0,1.0,0.9691052436828613,1.0,1.0,0.8074226379394531,0.00582205131649971,0.0020560957491397858,0.009944833815097809,0.009565241634845734,0.0,0.05790460854768753,0.0,0.006966017186641693,0.00612262636423111,0.0034957826137542725,0.012785062193870544,0.0,0.0,0.0,0.0022892504930496216,0.006594613194465637,0.004335146397352219,0.0,0.0,0.0,0.0,0.0001769326627254486,0.0,0.0,0.0,0.0,0.7993177771568298,0.935468852519989,0.7077068090438843,0.023789044469594955,0.0017735958099365234,0.0,0.0,9.383261203765869e-05,0.0010556317865848541,0.0,0.0,0.00416078045964241,0.0,0.6513980031013489,0.6598278880119324,0.9912410378456116,1.0,1.0,1.0,1.0,0.8119762539863586,0.1485135555267334,1.0,0.9496020674705505,0.3175184726715088,0.6953644752502441,0.0,1.0,1.0,1.0,0.28343284130096436,0.42298126220703125,0.7945367693901062,0.11181825399398804,0.17212313413619995,0.49974966049194336,0.158530130982399,0.0,0.04317069053649902,1.0,0.6509609818458557,0.08619507402181625,0.0006097480654716492,0.0,0.0,0.0021982043981552124,0.0011417865753173828,0.5837169289588928,0.574261486530304,0.07894960045814514,0.0,0.24162082374095917,0.0,0.026158200576901436,0.1347406953573227,0.006107941269874573,0.0011847428977489471,0.0,0.47651243209838867,1.0,0.9470771551132202,0.4713665246963501,0.09030966460704803,0.0,0.0,0.0,0.0,0.009569339454174042,0.003819745033979416,0.00448308140039444,0.0029147788882255554,0.6316180229187012,0.002527110278606415,0.005913674831390381,0.003266163170337677,0.004444140940904617
0.005430873483419418,0.0,0.0,0.003417324274778366,0.005581621080636978,0.0,0.00471954420208931,0.0,0.003015391528606415,0.009295891970396042,0.0,0.0,0.0,0.0,0.0031810514628887177,0.003460906445980072,0.002227235585451126,0.0,0.45541805028915405,0.9987905025482178,1.0,1.0,1.0,1.0,1.0,1.0,1.0,0.9802977442741394,1.0,1.0,0.9003183245658875,1.0,0.9732016324996948,1.0,1.0,1.0,0.43441206216812134,1.0,0.9840108752250671,0.9271064400672913,1.0,1.0,1.0,0.9953671097755432,0.9122474789619446,0.0,0.11649134755134583,0.0,1.0,0.0,0.08424033224582672,0.04491046071052551,0.006697416305541992,0.0,0.0169634148478508,0.0011114925146102905,0.05160672962665558,0.20203861594200134,0.8168575167655945,0.9935405850410461,0.0,0.004882089793682098,0.0,0.006072942167520523,0.005996741354465485,0.006795406341552734,0.0,0.0006462112069129944,0.013006620109081268,0.0008413121104240417,0.0031118765473365784,0.0,0.0006551295518875122,0.0,0.0,0.0,0.20360098779201508,0.37832343578338623,0.052255190908908844,0.001085817813873291,0.007376082241535187,0.0,0.0,0.11714161932468414,0.00027567893266677856,0.005077727138996124,0.0,0.0015856623649597168,0.004042420536279678,0.0,0.0,0.0,0.8236436247825623,1.0,1.0,1.0,1.0,0.7976000905036926,0.09470228850841522,0.0136953704059124,0.13428895175457,0.9836813807487488,0.8348584175109863,0.60210120677948,1.0,1.0,1.0,1.0,1.0,0.989257276058197,0.0,0.17248059809207916,0.35733896493911743,0.3168180584907532,1.0,0.987429141998291,0.6089866161346436,1.0,1.0,1.0,1.0,0.016320805996656418,0.0,0.0002835094928741455,0.002944599837064743,0.001511596143245697,0.0035508088767528534,0.00666080042719841,0.06919246166944504,1.0,0.9705832600593567,0.5431979298591614,0.09827328473329544,0.005557727068662643,0.002702869474887848,0.002660781145095825,0.3075936436653137,0.9808453917503357,1.0,0.6646339893341064,0.0,0.0,0.043937668204307556,0.0,0.001210227608680725,0.0,0.0,0.0025550685822963715,0.0,0.0027000270783901215,0.006352204829454422,0.005881644785404205
0.007259741425514221,0.0,0.0,0.0,0.0,0.0,0.0,0.005119260400533676,0.020189546048641205,0.003956742584705353,0.0,0.0001221001148223877,0.9758203625679016,0.0,0.001475892961025238,0.006060279905796051,0.06391111016273499,0.0,0.5948083996772766,0.6705238819122314,1.0,1.0,0.9963447451591492,1.0,1.0,1.0,0.4749603867530823,0.9197008013725281,1.0,0.9286495447158813,0.0018028020858764648,0.006275605410337448,0.0,0.0,0.003716588020324707,0.0,0.0,0.01557135209441185,0.003321729600429535,0.023708401247859,0.0,0.5081067681312561,0.9189344048500061,1.0,1.0,1.0,1.0,0.0,0.0,0.0018198676407337189,0.7841034531593323,0.3739534020423889,1.0,0.1511370986700058,0.993975818157196,0.9838823080062866,1.0,0.8852294683456421,1.0,1.0,0.9627718925476074,0.44822007417678833,0.0,0.0,0.004162047058343887,0.007322177290916443,0.0010269582271575928,0.0,0.005337830632925034,0.003763984888792038,0.008960627019405365,0.0,0.0,0.00883176177740097,0.004109188914299011,0.0050308555364608765,0.0,0.0,0.0038709379732608795,0.0024765729904174805,0.0,0.0,0.0009574182331562042,0.0016473345458507538,0.013883691281080246,0.005164183676242828,0.0,0.0,0.0012280158698558807,0.0,0.286212682723999,0.38395047187805176,0.9107946753501892,0.9853535890579224,1.0,1.0,1.0,1.0,1.0,0.29094886779785156,0.0056616030633449554,0.2203647941350937,0.011519066989421844,0.06531469523906708,0.5174336433410645,0.8046777844429016,0.8437886834144592,0.8679695129394531,0.660976231098175,0.7644789814949036,0.31217867136001587,0.0,0.0,0.31649404764175415,1.0,1.0,1.0,1.0,1.0,1.0,1.0,0.5296007990837097,0.04200831055641174,1.0,1.0,0.7154931426048279,0.0024104081094264984,0.0,0.0,0.0,0.9193416833877563,1.0,1.0,0.07796794176101685,0.8510229587554932,0.0,0.0,0.0,0.0018054470419883728,0.0,0.34341657161712646,0.8744958639144897,0.9042957425117493,1.0,0.961362361907959,0.0,0.0,0.009184461086988449,0.0,0.0,0.004426911473274231,0.00609419122338295
0.006629806011915207,0.0,0.0,0.0,0.0,0.0028374269604682922,0.0,0.0015011392533779144,0.0,0.0,0.0,0.0,0.07951891422271729,0.207674041390419,0.007080547511577606,0.005360674113035202,0.006787750869989395,0.007064938545227051,0.002085663378238678,0.6862697601318359,1.0,0.8072581887245178,0.9841905236244202,0.24347876012325287,0.9339302182197571,1.0,0.7697665095329285,0.9648321270942688,1.0,1.0,1.0,0.6486881971359253,0.9890058636665344,0.9230667948722839,0.9953935146331787,1.0,0.9697116017341614,1.0,0.5704293847084045,0.7143975496292114,0.802967369556427,0.7255955338478088,1.0,1.0,1.0,1.0,1.0,0.0,0.0,0.0036090314388275146,0.002493821084499359,0.010476771742105484,0.6718193888664246,0.0046967267990112305,0.9981186389923096,1.0,0.9883753657341003,0.9803358912467957,1.0,1.0,1.0,0.8094450831413269,0.3334035873413086,0.0,0.0,0.0,0.0,0.0,0.0,0.0,0.0,0.006874218583106995,0.0,0.0050918348133563995,0.22770492732524872,0.07439714670181274,0.0,0.367686927318573,0.2841087579727173,0.0012303739786148071,0.006379842758178711,0.0023896992206573486,0.00029156357049942017,0.0,0.00149540975689888,0.004072926938533783,0.0,0.0,0.0051813796162605286,0.8026939630508423,1.0,0.85663241147995,1.0,0.6888582110404968,0.7192806005477905,1.0,1.0,1.0,1.0,1.0,1.0,0.5911749005317688,1.0,1.0,1.0,1.0,0.9997138381004333,1.0,0.9385467767715454,0.5257577896118164,0.9423642158508301,0.989621639251709,1.0,0.8631934523582458,1.0,1.0,1.0,1.0,0.9913032054901123,1.0,0.985567033290863,0.0923769474029541,0.006448216736316681,0.35030514001846313,0.0037317685782909393,0.0,0.0023806802928447723,0.0,0.003246404230594635,0.015716318041086197,0.0005379617214202881,0.004915345460176468,0.0029499009251594543,0.029316110536456108,0.0501343235373497,0.7774792909622192,0.944140613079071,1.0,0.02740325964987278,0.0,0.018582312390208244,0.0,0.005906738340854645,0.052974019199609756,0.06266520917415619,0.0005786754190921783,1.047179102897644e-05,0.003305859863758087,0.0,0.14609070122241974,0.0038159899413585663,0.0
0.29498761892318726,0.05894262343645096,0.002455577254295349,0.009356264024972916,0.0020919069647789,0.0038045942783355713,0.07205809652805328,0.006492689251899719,0.0,0.029537908732891083,0.0,0.04848421737551689,0.0,0.01307952031493187,0.004177052527666092,0.002776995301246643,0.0,0.0,0.0,0.037407249212265015,1.0,1.0,0.9611927270889282,0.1504889726638794,0.8362969756126404,1.0,0.9901385307312012,0.8339417576789856,1.0,1.0,1.0,1.0,1.0,1.0,1.0,0.9836583733558655,0.6460642218589783,0.9587933421134949,0.0,0.0,0.0019481070339679718,0.0,1.0,1.0,1.0,1.0,0.8487520217895508,0.9602215886116028,0.9089933037757874,0.10379230976104736,0.9920372366905212,0.02022676169872284,0.0,0.0,0.14116893708705902,0.24745424091815948,0.4005886912345886,0.8294711709022522,1.0,1.0,0.9339650273323059,0.9734007120132446,0.0,0.009244691580533981,0.00478702038526535,0.0004808865487575531,0.0,0.0,0.0,0.0011209100484848022,0.0,0.0,0.008600391447544098,0.0,0.017521381378173828,0.03775426000356674,0.0025788098573684692,0.0,0.5983105301856995,0.0,0.8364761471748352,0.22535382211208344,0.0,0.016247790306806564,0.00947098433971405,0.7431331872940063,0.0,0.0,0.0,0.05430449917912483,0.9933340549468994,1.0,1.0,1.0,0.9803557991981506,1.0,0.950533390045166,0.1323074996471405,0.8650200963020325,1.0,1.0,1.0,1.0,0.7368624806404114,0.3141271471977234,0.08601731061935425,0.38932907581329346,1.0,1.0,1.0,1.0,1.0,1.0,0.6075286269187927,1.0,1.0,1.0,1.0,0.9345344305038452,0.6883727312088013,0.0,0.004567503929138184,0.0007619559764862061,0.008809857070446014,0.0,0.005723986774682999,0.002241533249616623,0.005400769412517548,0.0,0.13216504454612732,0.07331379503011703,0.0,0.0005539469420909882,0.0,0.0,0.0,0.024848079308867455,0.0,0.01529243215918541,0.05738089606165886,0.003462124615907669,0.0,0.3729119896888733,0.0,0.0,0.0,0.005816943943500519,0.001773737370967865,0.015850186347961426,0.5052608847618103,0.1342151015996933,0.003192991018295288
1.0,1.0,1.0,1.0,1.0,0.17833861708641052,0.9955160021781921,0.9275021553039551,0.9905209541320801,1.0,0.9618389010429382,1.0,1.0,1.0,1.0,0.9584695100784302,0.007771298289299011,0.0,0.004876837134361267,0.014552745968103409,1.0,1.0,0.9119123816490173,1.0,0.977918267250061,1.0,0.826192319393158,0.36032044887542725,0.35441744327545166,0.30395907163619995,0.0053552985191345215,0.0,0.002612236887216568,0.002301052212715149,0.0045379772782325745,0.011786103248596191,0.0,0.03171262517571449,0.00596889853477478,0.0338001623749733,0.01107010617852211,0.0,0.15017801523208618,1.0,1.0,1.0,1.0,1.0,1.0,0.08353583514690399,0.9951038956642151,0.6955058574676514,1.0,0.5578404068946838,0.9477739334106445,0.6969417929649353,0.07340681552886963,0.12479835748672485,0.0011822022497653961,0.0,0.27687913179397583,0.8280808329582214,0.0795501098036766,0.17362762987613678,0.0,0.0,0.0012832023203372955,0.006849478930234909,0.007492341101169586,0.1672608107328415,0.0038473978638648987,0.005504116415977478,0.005741480737924576,0.008747212588787079,0.0,0.0,0.010510765016078949,0.1618257462978363,0.8593935370445251,0.0056734755635261536,0.8730883002281189,0.037310726940631866,0.0001541227102279663,0.005853138864040375,0.015180662274360657,0.004321165382862091,0.0,0.008587680757045746,0.010478392243385315,0.13566748797893524,0.6740454435348511,0.37932103872299194,0.1083390936255455,0.6989837884902954,1.0,1.0,1.0,0.6544119119644165,0.35163503885269165,1.0,0.867811381816864,0.8972575068473816,1.0,1.0,1.0,1.0,0.3512200713157654,0.21856777369976044,0.10521526634693146,0.17263902723789215,0.8183259963989258,0.9942259788513184,1.0,0.9663568735122681,0.6650788187980652,1.0,0.7531138062477112,0.9799727201461792,0.9975511431694031,1.0,0.924910843372345,0.0,0.004180949181318283,0.0,0.0,0.0,0.0,0.0035586319863796234,0.003481917083263397,0.21147477626800537,1.0,1.0,1.0,0.9672733545303345,0.519334614276886,0.0,0.022588547319173813,0.00883970782160759,0.0,0.0,0.006876129657030106,0.7979034185409546,1.0,0.0033599361777305603,0.0,0.0,0.00860103964805603,0.006331257522106171,0.0024478547275066376,0.003181062638759613,0.004309259355068207,0.0028528235852718353
0.0,0.014769479632377625,0.017687078565359116,0.0,0.0038917623460292816,0.022162286564707756,0.7286085486412048,0.0,0.0,0.9729313254356384,0.8613951206207275,1.0,1.0,0.0802050456404686,0.7087104916572571,0.006518416106700897,0.0018979869782924652,0.0,0.0,0.020818160846829414,0.09663921594619751,0.22168593108654022,0.477088987827301,0.0646403580904007,0.022173957899212837,0.9342352747917175,1.0,0.958435595035553,0.9006907939910889,1.0,1.0,1.0,0.09502094238996506,0.8684840798377991,1.0,0.6256378293037415,0.9307237863540649,0.5835339426994324,0.0010972842574119568,0.03105514496564865,0.17880117893218994,0.975264310836792,1.0,1.0,1.0,1.0,0.9089222550392151,0.3677678108215332,0.8258032202720642,0.0,1.0,0.3171631693840027,1.0,0.12077005207538605,0.003749743103981018,0.007898811250925064,0.21542389690876007,1.0,1.0,1.0,1.0,0.7243031859397888,0.5442530512809753,0.9998343586921692,0.22897100448608398,0.7721094489097595,0.014999091625213623,0.0,0.0,0.0,0.007827501744031906,0.0,0.006255224347114563,0.005671344697475433,0.0018456503748893738,7.325783371925354e-05,0.0,0.03233063966035843,0.1435660570859909,0.0,0.0,0.1631365418434143,0.0,0.2130555659532547,0.06319305300712585,0.0,0.0,0.0,0.0,0.47326910495758057,0.3824172616004944,0.002096816897392273,0.44046974182128906,0.8916864991188049,1.0,1.0,1.0,0.9539700150489807,1.0,1.0,0.8014273047447205,0.16113397479057312,0.35527998208999634,1.0,0.23835822939872742,0.8807103037834167,0.11546260118484497,0.17889021337032318,0.0,0.8570541739463806,0.9299606084823608,0.0011381767690181732,0.031232411041855812,0.5617569088935852,0.9932700991630554,0.9535779356956482,0.6915009617805481,0.9745045304298401,0.4955739378929138,1.0,1.0,0.0005696006119251251,0.0,1.0,0.9463952779769897,0.8188136219978333,0.0,0.011543739587068558,0.004437346011400223,0.0,0.001179080456495285,0.0,0.3113816976547241,0.516546368598938,1.0,1.0,0.8853014707565308,0.6896235942840576,0.7213700413703918,0.3626095652580261,0.03427072614431381,0.0,0.0,0.1568024456501007,0.0,0.005587209016084671,0.3181859850883484,1.0,0.026878217235207558,0.0,0.0,0.0016782693564891815
0.5329241752624512,0.013761293143033981,0.4814363718032837,0.24136167764663696,0.0025838464498519897,0.0326509103178978,0.11201557517051697,0.19435937702655792,0.003241226077079773,1.0,1.0,1.0,1.0,0.8800535798072815,1.0,0.03877951204776764,0.4313780665397644,0.7447049021720886,1.0,1.0,0.9778553247451782,1.0,0.9893862009048462,2.442300319671631e-05,0.0010693669319152832,0.1159430667757988,0.8947541117668152,0.9169176816940308,0.8973649144172668,0.6580919027328491,0.0,0.0,0.0,0.16937121748924255,0.995710015296936,1.0,1.0,1.0,1.0,0.7511536478996277,0.5590270161628723,0.0040418654680252075,0.0,0.3020634651184082,0.8334857225418091,0.9485300183296204,1.0,0.06605350971221924,0.008648637682199478,0.005739673972129822,0.0,0.07084880024194717,0.0,0.0,0.47440391778945923,0.2527393102645874,0.0,0.4946475625038147,0.018545743077993393,0.9454771280288696,1.0,0.9874593019485474,0.0,0.7992735505104065,0.2533174753189087,0.9875137209892273,0.6545383930206299,0.0,0.8711583614349365,0.0,0.0,0.009246930480003357,0.0035552531480789185,0.030220065265893936,0.005540724843740463,0.0,0.0016448423266410828,0.044128771871328354,0.39883047342300415,0.19477741420269012,0.0,0.1747094690799713,0.0,0.0012064240872859955,0.07751515507698059,0.008677065372467041,2.6125460863113403e-05,0.0,0.0009382329881191254,0.00652143731713295,0.19448883831501007,0.0023416727781295776,0.9699392914772034,1.0,1.0,1.0,1.0,1.0,0.9974938035011292,0.951816976070404,0.1364239603281021,0.03673441708087921,1.0,1.0,0.9436724781990051,0.06321507692337036,0.0,0.0,0.0022807568311691284,0.6584372520446777,0.8693785071372986,0.12790632247924805,0.008273608982563019,0.11944420635700226,0.0,0.19890309870243073,0.8872665166854858,1.0,1.0,1.0,1.0,0.0,0.0,0.008970368653535843,0.05988091975450516,0.08362294733524323,0.0008304566144943237,0.004755143076181412,0.0,0.005308285355567932,0.0,0.00978982076048851,0.0,0.004178404808044434,0.0032503455877304077,0.0,0.16096974909305573,0.9963386654853821,0.5041066408157349,0.036409102380275726,0.3090190887451172,0.44539976119995117,0.9908985495567322,0.027489960193634033,0.05092902109026909,0.0023974329233169556,0.0,0.0,0.0,0.0,0.0,0.003372684121131897
0.0,0.0,0.0,0.0,0.0,1.0,1.0,1.0,0.4587697386741638,0.0,0.010429240763187408,1.0,0.0,0.5612411499023438,0.8047372698783875,1.0,0.0,0.008827146142721176,0.0,1.0,1.0,1.0,0.9809935688972473,0.0,0.10288608819246292,0.4560418128967285,0.7086238265037537,0.004574578255414963,0.0,0.11737912893295288,0.002099979668855667,0.0,0.0,0.0,0.00803445279598236,1.0,1.0,0.7850692868232727,1.0,0.8832653164863586,1.0,0.7884533405303955,0.0015221312642097473,0.004486318677663803,0.0,0.8664259910583496,0.9757075905799866,0.23990876972675323,0.18274261057376862,0.005673740059137344,0.0,0.0,0.0,0.0,0.01416013389825821,0.007017560303211212,0.0,1.0,1.0,1.0,1.0,0.9614524245262146,0.0,0.0,0.0637412965297699,0.0,0.0,0.0,0.5660367608070374,0.0,0.0,0.010493941605091095,0.025054875761270523,0.0,0.21122048795223236,0.20098279416561127,0.0,0.0,0.2913651466369629,0.5310748815536499,0.01607995480298996,0.3015671968460083,0.059398725628852844,0.0,0.4525531530380249,0.030978819355368614,0.0046467892825603485,0.0064422376453876495,0.0016576051712036133,0.0,0.6610668301582336,0.0072047412395477295,0.9878459572792053,1.0,1.0,1.0,1.0,1.0,1.0,1.0,1.0,1.0,0.9333880543708801,1.0,0.038282617926597595,0.2536378502845764,0.0,0.0,0.0,0.28684961795806885,0.9945772886276245,0.8803786635398865,0.7675544619560242,0.0,1.0,0.17679496109485626,0.0,0.010861463844776154,0.01409061998128891,0.9424556493759155,1.0,0.0,0.0,0.004702437669038773,0.014358557760715485,0.0001538991928100586,0.00013168901205062866,0.0,0.0038616806268692017,0.002452351152896881,0.0027969777584075928,0.00032034143805503845,0.0024956539273262024,0.04337536543607712,0.034131962805986404,1.0,0.4005473256111145,1.0,0.9475945234298706,0.6037806272506714,0.7134580612182617,0.0,0.0,0.7124152779579163,0.0026119202375411987,0.0,0.0,0.0025937333703041077,0.004381019622087479,0.007508814334869385,0.0,0.0
0.005193118005990982,0.0027469955384731293,0.0,0.0,0.0,0.36958229541778564,0.0007282011210918427,0.002768293023109436,0.0071348585188388824,0.005490995943546295,0.01246798038482666,0.002394363284111023,0.013537172228097916,0.0007205866277217865,0.010843127965927124,0.2890118360519409,0.5522497296333313,0.001957666128873825,0.0,0.3363105058670044,0.3829527497291565,0.7604002952575684,0.0,0.0,0.0,0.0006827414035797119,0.003204129636287689,0.0,0.007175810635089874,0.010951869189739227,0.060925401747226715,0.0,0.0005260743200778961,0.0,0.0,1.0,0.0,0.0,0.003270290791988373,0.8082913756370544,0.805079996585846,0.24607042968273163,0.009423598647117615,0.10227227956056595,0.003232944756746292,0.6940729022026062,0.03125926852226257,0.05776287615299225,1.0,0.0573355033993721,0.028576580807566643,0.0242173932492733,0.0,0.003202725201845169,0.0,0.004117026925086975,0.00248539075255394,0.9327081441879272,1.0,1.0,0.3389817476272583,0.3677748441696167,0.06910189986228943,0.4511193633079529,0.0,0.0,0.0,0.0,0.2028656154870987,0.0031023696064949036,0.0036867931485176086,0.0,0.0,0.004271805286407471,0.0,0.026134008541703224,0.48619794845581055,0.0,0.039239302277565,0.3298834562301636,0.0,0.0,0.3325158953666687,0.0,0.008569948375225067,0.007383629679679871,0.003666568547487259,0.24681337177753448,0.0019479915499687195,0.0,0.4304195046424866,0.0,1.0,1.0,1.0,1.0,0.9913706183433533,1.0,1.0,0.8732706904411316,1.0,0.6300482153892517,1.0,1.0,1.0,0.018074216321110725,0.0005318596959114075,0.0,0.0011245086789131165,0.5864140391349792,0.0,0.8751897811889648,0.3310962915420532,0.8736487627029419,1.0,1.0,0.6835341453552246,1.0,0.038878560066223145,0.01595025509595871,0.016649499535560608,0.0,0.0,0.24745796620845795,0.26332902908325195,1.0,0.403647243976593,0.0,0.0017379969358444214,0.0,0.0,0.003997821360826492,0.01507599651813507,0.0,0.0,0.5700664520263672,0.02480132505297661,0.0,0.5211883783340454,0.0,1.0,1.0,0.585207998752594,0.9824357628822327,0.39502519369125366,0.0019305311143398285,0.002877693623304367,0.0011068060994148254,0.006685394793748856,0.007579762488603592,0.0016216859221458435,0.008605096489191055
0.007740005850791931,0.009981725364923477,0.006089422851800919,0.009591087698936462,0.0051872096955776215,0.007171664386987686,0.009378835558891296,0.006869040429592133,0.00743374228477478,0.004797093570232391,0.004967227578163147,0.009223908185958862,0.0064353905618190765,0.004874821752309799,0.008533604443073273,0.008001882582902908,0.0038114190101623535,0.005434907972812653,0.005903474986553192,0.003815174102783203,0.004789851605892181,0.0026729293167591095,0.0037063434720039368,0.010339751839637756,0.008555635809898376,0.006998647004365921,0.004386186599731445,0.004238009452819824,0.007662087678909302,0.005340956151485443,0.008079491555690765,0.006689421832561493,0.008131373673677444,0.004414163529872894,0.0075872913002967834,0.007935300469398499,0.008100215345621109,0.004736877977848053,0.00432567298412323,0.006813123822212219,0.01156337559223175,0.008797332644462585,0.01269141212105751,0.005734320729970932,0.007637731730937958,0.006503112614154816,0.006820362061262131,0.0,0.0,0.0,0.0,0.0,0.0,0.001619342714548111,0.0,0.015031266957521439,0.6829385757446289,0.17044411599636078,0.033786091953516006,0.0,0.0,0.0,0.0,0.0,0.0,0.0,0.0,0.011562708765268326,0.09541631489992142,0.002502061426639557,0.0,0.0,0.0,0.0015170499682426453,0.0,0.3577883243560791,0.06992903351783752,0.0,0.0,0.0017748773097991943,0.0013660788536071777,0.0,0.0,0.0,0.17354270815849304,0.007743336260318756,0.00701368972659111,0.024339795112609863,0.0,0.004092007875442505,0.008098430931568146,0.0,0.0,1.0,0.999080240726471,0.9995251297950745,1.0,1.0,1.0,0.9923186302185059,0.7506008744239807,0.9945812225341797,0.7661184668540955,1.0,0.8654420971870422,0.058465149253606796,0.0,0.008297570049762726,0.0015771165490150452,0.0012573227286338806,0.0013893209397792816,0.018928563222289085,0.7163989543914795,0.13128948211669922,0.0,0.004220835864543915,0.0,0.013819292187690735,0.0009699016809463501,0.8887124061584473,0.4342225193977356,0.005348537117242813,0.004151590168476105,0.0008053518831729889,0.001367911696434021,0.5895757675170898,1.0,1.0,0.7316341996192932,1.0,0.9682243466377258,0.9859725832939148,0.005981806665658951,0.0,0.09581981599330902,0.49332237243652344,0.6528859734535217,0.38405168056488037,0.0,0.0,0.0,0.0,0.6815531253814697,0.9836141467094421,0.0,0.010190989822149277,0.0054354481399059296,0.0,0.004700168967247009,0.0,0.006799392402172089,0.0034127607941627502
0.009534448385238647,0.009118497371673584,0.006281837821006775,0.00690440833568573,0.006549641489982605,0.00468289852142334,0.008138369768857956,0.005935549736022949,0.01032603532075882,0.0059605613350868225,0.010020934045314789,0.007483646273612976,0.007486041635274887,0.0033094845712184906,0.004904136061668396,0.0055695995688438416,0.005321383476257324,0.005511365830898285,0.009922858327627182,0.008224394172430038,0.005769751965999603,0.006563954055309296,0.00755898654460907,0.006111137568950653,0.0074310749769210815,0.005865760147571564,0.0010560080409049988,0.00033877789974212646,0.005108974874019623,0.004517063498497009,0.006286352872848511,0.008006047457456589,0.00976945087313652,0.004196271300315857,0.0014196224510669708,0.002025999128818512,0.0058880336582660675,0.003521483391523361,0.00601547583937645,0.006002478301525116,0.0037543214857578278,0.0004278123378753662,0.0007713139057159424,0.0,0.0037625059485435486,0.0018354952335357666,0.008417688310146332,0.003310970962047577,0.0025804564356803894,0.0032691992819309235,0.004951469600200653,0.009113144129514694,0.008632037788629532,0.001339159905910492,0.008807092905044556,0.005709763616323471,0.003107331693172455,0.008009232580661774,0.008186973631381989,0.004632286727428436,0.005762651562690735,0.0067940205335617065,0.010119117796421051,0.012110315263271332,0.006265897303819656,0.0,0.002971809357404709,0.0,0.0,0.0,0.0034404322504997253,0.0,0.0011632144451141357,0.0,0.0,0.0,0.003952469676733017,0.0,0.006077714264392853,0.010775268077850342,0.004312355071306229,0.0,0.004268903285264969,0.008686237037181854,0.06812483072280884,0.0,0.0,0.0,0.0011757202446460724,0.007486708462238312,0.0,0.007290489971637726,0.009665776044130325,0.0,0.08800414204597473,1.0,1.0,1.0,1.0,0.9489232897758484,0.9490627646446228,0.09979856759309769,0.0792146772146225,0.014208734035491943,0.017251819372177124,0.00446503609418869,0.004162639379501343,0.002306237816810608,0.0013656429946422577,0.00496823713183403,0.0036022253334522247,0.005659870803356171,0.0015455298125743866,0.009687509387731552,0.005638189613819122,0.010448072105646133,0.011044833809137344,0.012045145034790039,0.012007489800453186,0.0057588741183280945,0.006968773901462555,0.004458215087652206,0.0,0.00534270703792572,0.0,1.0,1.0,0.9241631627082825,0.0,0.7021186351776123,1.0,1.0,0.9853112697601318,0.3201224207878113,0.03060477040708065,0.4470077157020569,0.007777214050292969,0.0,0.0014275163412094116,0.004803098738193512,0.003321044147014618,0.0017725303769111633,0.0012436509132385254,0.0,0.012550000101327896,0.0,0.005303774029016495,0.0,0.0006439164280891418,0.0,0.0021252036094665527,0.006288949400186539
0.008770335465669632,0.0074840448796749115,0.01054997369647026,0.006009094417095184,0.009887177497148514,0.0067359767854213715,0.009733159095048904,0.00751747190952301,0.012634675949811935,0.012306168675422668,0.010355189442634583,0.0059019289910793304,0.005994867533445358,0.006132770329713821,0.006282348185777664,0.008220534771680832,0.01210157573223114,0.009465254843235016,0.008148349821567535,0.006720162928104401,0.007692053914070129,0.007512889802455902,0.013287913054227829,0.011642929166555405,0.013380881398916245,0.0068539902567863464,0.004973936825990677,0.00622190535068512,0.008123558014631271,0.00929020345211029,0.0057244375348091125,0.008906658738851547,0.008651062846183777,0.003926724195480347,0.0041182637214660645,0.006978888064622879,0.005792900919914246,0.00619923323392868,0.0012330487370491028,0.0062453486025333405,0.0085529163479805,0.00464257225394249,0.0050492361187934875,0.005317665636539459,0.004953507333993912,0.005925264209508896,0.008801359683275223,0.006348900496959686,0.0,0.004483737051486969,0.0034301429986953735,0.004355780780315399,0.005311883985996246,0.0010478310286998749,0.004783615469932556,0.002657555043697357,0.0040483660995960236,0.007401764392852783,0.00031732022762298584,0.006385974586009979,0.006749175488948822,0.008310064673423767,0.007441993802785873,0.0,0.0037539787590503693,0.0015200898051261902,0.002667482942342758,0.005627188831567764,0.006291061639785767,0.008212290704250336,0.0043535493314266205,0.0028388872742652893,0.0030883178114891052,1.1749565601348877e-05,0.005172461271286011,0.0011957809329032898,0.004456747323274612,0.0118388831615448,0.00639159232378006,0.004681892693042755,0.0003903433680534363,0.0,0.001363072544336319,0.007901348173618317,0.002006538212299347,5.924701690673828e-05,0.0,0.004572458565235138,0.005607258528470993,0.004569500684738159,0.0014176517724990845,0.00052662193775177,0.006804138422012329,0.00777512788772583,0.0,0.23520074784755707,0.7418784499168396,0.21673806011676788,0.013897683471441269,0.007053021341562271,0.0134524405002594,0.008565157651901245,0.008265938609838486,0.0033793002367019653,0.005774900317192078,0.005626402795314789,0.00439910963177681,0.008704528212547302,0.0036386027932167053,0.008292436599731445,0.004683561623096466,0.0028501078486442566,0.0031801313161849976,0.004895556718111038,0.00010691583156585693,0.002192240208387375,0.003208193928003311,0.005758170038461685,0.004996165633201599,0.00026318803429603577,0.0036650188267230988,0.0,0.006146363914012909,0.007703706622123718,0.0026075579226017,0.0,0.049040503799915314,0.001951213926076889,0.007182180881500244,0.004003424197435379,0.0,0.0,0.0,0.0017416812479496002,0.001777704805135727,0.0,0.004422731697559357,0.0007001832127571106,0.0011048577725887299,0.002412043511867523,0.0,0.0021316036581993103,0.0,0.0,0.0035082995891571045,0.004626229405403137,0.0026460178196430206,0.0009995773434638977,0.000183742493391037,0.0,0.0,0.0031936466693878174
